{
  "last_node_id": 139,
  "last_link_id": 196,
  "nodes": [
    {
      "id": 131,
      "type": "AlignYourStepsScheduler",
      "pos": [
        540,
        600
      ],
      "size": {
        "0": 315,
        "1": 106
      },
      "flags": {},
      "order": 0,
      "mode": 0,
      "outputs": [
        {
          "name": "SIGMAS",
          "type": "SIGMAS",
          "links": [
            187
          ],
          "shape": 3,
          "slot_index": 0
        }
      ],
      "properties": {
        "Node name for S&R": "AlignYourStepsScheduler"
      },
      "widgets_values": [
        "SDXL",
        28,
        1
      ]
    },
    {
      "id": 134,
      "type": "SaveImage",
      "pos": [
        1270,
        120
      ],
      "size": {
        "0": 540,
        "1": 750
      },
      "flags": {},
      "order": 8,
      "mode": 0,
      "inputs": [
        {
          "name": "images",
          "type": "IMAGE",
          "link": 190
        }
      ],
      "properties": {},
      "widgets_values": [
        "txt2img"
      ]
    },
    {
      "id": 124,
      "type": "CLIPTextEncode",
      "pos": [
        110,
        270
      ],
      "size": {
        "0": 400,
        "1": 200
      },
      "flags": {},
      "order": 4,
      "mode": 0,
      "inputs": [
        {
          "name": "clip",
          "type": "CLIP",
          "link": 184
        }
      ],
      "outputs": [
        {
          "name": "CONDITIONING",
          "type": "CONDITIONING",
          "links": [
            181
          ],
          "shape": 3,
          "slot_index": 0
        }
      ],
      "properties": {
        "Node name for S&R": "CLIPTextEncode"
      },
      "widgets_values": [
        "girl, smiling, one eye closed, closed mouth, short brown hair, white shirt, black skirt, black bowtie, solo, looking at viewer, outdoors, shibuya, night, cinematic angle, upper body, closeup, waiving, masterpiece, best quality, very aesthetic, absurdres"
      ]
    },
    {
      "id": 125,
      "type": "CLIPTextEncode",
      "pos": [
        110,
        510
      ],
      "size": {
        "0": 400,
        "1": 200
      },
      "flags": {},
      "order": 5,
      "mode": 0,
      "inputs": [
        {
          "name": "clip",
          "type": "CLIP",
          "link": 185
        }
      ],
      "outputs": [
        {
          "name": "CONDITIONING",
          "type": "CONDITIONING",
          "links": [
            182
          ],
          "shape": 3,
          "slot_index": 0
        }
      ],
      "properties": {
        "Node name for S&R": "CLIPTextEncode"
      },
      "widgets_values": [
        "low quality, worst quality, normal quality"
      ]
    },
    {
      "id": 123,
      "type": "CheckpointLoaderSimple",
      "pos": [
        110,
        120
      ],
      "size": {
        "0": 315,
        "1": 98
      },
      "flags": {},
      "order": 1,
      "mode": 0,
      "outputs": [
        {
          "name": "MODEL",
          "type": "MODEL",
          "links": [
            180
          ],
          "shape": 3,
          "slot_index": 0
        },
        {
          "name": "CLIP",
          "type": "CLIP",
          "links": [
            184,
            185
          ],
          "shape": 3,
          "slot_index": 1
        },
        {
          "name": "VAE",
          "type": "VAE",
          "links": [
            195
          ],
          "shape": 3,
          "slot_index": 2
        }
      ],
      "properties": {
        "Node name for S&R": "CheckpointLoaderSimple"
      },
      "widgets_values": [
        "animagineXLV31_v31.safetensors"
      ]
    },
    {
      "id": 132,
      "type": "VAEDecode",
      "pos": [
        1030,
        610
      ],
      "size": {
        "0": 210,
        "1": 46
      },
      "flags": {},
      "order": 7,
      "mode": 0,
      "inputs": [
        {
          "name": "samples",
          "type": "LATENT",
          "link": 188
        },
        {
          "name": "vae",
          "type": "VAE",
          "link": 195
        }
      ],
      "outputs": [
        {
          "name": "IMAGE",
          "type": "IMAGE",
          "links": [
            190
          ],
          "shape": 3,
          "slot_index": 0
        }
      ],
      "properties": {
        "Node name for S&R": "VAEDecode"
      }
    },
    {
      "id": 128,
      "type": "SamplerCustom",
      "pos": [
        890,
        120
      ],
      "size": {
        "0": 355.20001220703125,
        "1": 442
      },
      "flags": {},
      "order": 6,
      "mode": 0,
      "inputs": [
        {
          "name": "model",
          "type": "MODEL",
          "link": 180
        },
        {
          "name": "positive",
          "type": "CONDITIONING",
          "link": 181
        },
        {
          "name": "negative",
          "type": "CONDITIONING",
          "link": 182
        },
        {
          "name": "sampler",
          "type": "SAMPLER",
          "link": 196
        },
        {
          "name": "sigmas",
          "type": "SIGMAS",
          "link": 187
        },
        {
          "name": "latent_image",
          "type": "LATENT",
          "link": 183
        }
      ],
      "outputs": [
        {
          "name": "output",
          "type": "LATENT",
          "links": null,
          "shape": 3
        },
        {
          "name": "denoised_output",
          "type": "LATENT",
          "links": [
            188
          ],
          "shape": 3,
          "slot_index": 1
        }
      ],
      "properties": {
        "Node name for S&R": "SamplerCustom"
      },
      "widgets_values": [
        true,
        12345,
        "fixed",
        30.5
      ]
    },
    {
      "id": 139,
      "type": "RungeKuttaSampler",
      "pos": [
        540,
        120
      ],
      "size": {
        "0": 315,
        "1": 442
      },
      "flags": {},
      "order": 2,
      "mode": 0,
      "outputs": [
        {
          "name": "SAMPLER",
          "type": "SAMPLER",
          "links": [
            196
          ],
          "shape": 3,
          "slot_index": 0
        }
      ],
      "properties": {
        "Node name for S&R": "RungeKuttaSampler"
      },
      "widgets_values": [
        "ae_bosh3",
        "adaptive_pid",
        -3.5,
        -2.5,
        0,
        1,
        0,
        "rms_norm",
        false,
        true,
        -0.1,
        0,
        0.9,
        0.2,
        10,
        2147483647,
        0.00001
      ]
    },
    {
      "id": 133,
      "type": "EmptyLatentImage",
      "pos": [
        110,
        770
      ],
      "size": {
        "0": 315,
        "1": 106
      },
      "flags": {},
      "order": 3,
      "mode": 0,
      "outputs": [
        {
          "name": "LATENT",
          "type": "LATENT",
          "links": [
            183
          ],
          "shape": 3,
          "slot_index": 0
        }
      ],
      "properties": {
        "Node name for S&R": "EmptyLatentImage"
      },
      "widgets_values": [
        896,
        1152,
        1
      ]
    }
  ],
  "links": [
    [
      180,
      123,
      0,
      128,
      0,
      "MODEL"
    ],
    [
      181,
      124,
      0,
      128,
      1,
      "CONDITIONING"
    ],
    [
      182,
      125,
      0,
      128,
      2,
      "CONDITIONING"
    ],
    [
      183,
      133,
      0,
      128,
      5,
      "LATENT"
    ],
    [
      184,
      123,
      1,
      124,
      0,
      "CLIP"
    ],
    [
      185,
      123,
      1,
      125,
      0,
      "CLIP"
    ],
    [
      187,
      131,
      0,
      128,
      4,
      "SIGMAS"
    ],
    [
      188,
      128,
      1,
      132,
      0,
      "LATENT"
    ],
    [
      190,
      132,
      0,
      134,
      0,
      "IMAGE"
    ],
    [
      195,
      123,
      2,
      132,
      1,
      "VAE"
    ],
    [
      196,
      139,
      0,
      128,
      3,
      "SAMPLER"
    ]
  ],
  "groups": [],
  "config": {},
  "extra": {
    "ds": {
      "scale": 1,
      "offset": [
        0,
        0
      ]
    },
    "groupNodes": {}
  },
  "version": 0.4
}